CH1 PSU Output (V),CH1 PSU Output Avg (A),CH1 PSU Output Min (A),CH1 PSU Output Max (A)
PSU Output (V),PSU Output Avg (A),PSU Output Min (A),PSU Output Max (A)21:50:46,0.0,0.20579999999999998,0.032,0.686
21:50:47,33.942,0.0288,0.027,0.03
21:50:48,33.986,0.028200000000000003,0.028,0.029
21:50:49,33.986,0.028000000000000004,0.028,0.028
21:50:50,33.987,0.028000000000000004,0.028,0.028
21:50:51,33.986,0.028000000000000004,0.028,0.028
21:50:52,33.985,0.028000000000000004,0.028,0.028
21:50:53,